"Adebrecht",
"Brask",
"Brasque",
"CBPO",
"CETREL",
"CIA BRASILEIRA DE PR",
"CIA BRAS PROJ",
"CODEVERDE",
"Condor Part",
"condor participa",
"Construtora Noberto",
"COPENE",
"COPESUL",
"Distribuidora de Ã¡guas triunfo",
"Edebrecht",
"energipar",
"foz de jaguaribe",
"foz do brasil",
"mectron",
"Nitrocarbono",
"NORCELL",
"ODEBR",
"Odebre",
"Oderbrecht",
"Odevrecht",
"Ordebr",
"Oubrecht",
"PETROFLEX",
"POLIALDEN",
"POLITENO"
"PROPPET",
"quantiq",
"reuso rio",
"saneaqua marinque",
"SANEATINS",
"Supervia",
"TRIKEM",
"uvr grajau",
"quattor",
"ecosteel",
"aquapolo"